{
  "version": 1,
  "author": "Anonymous maker",
  "editor": "wokwi",
  "parts": [
    {
      "type": "board-esp32-s3-devkitc-1",
      "id": "esp",
      "top": -0.18,
      "left": 4.57,
      "attrs": { "env": "micropython-20231227-v1.22.0", "flashSize": "8" }
    },
    {
      "type": "wokwi-pushbutton",
      "id": "btn1",
      "top": 150.2,
      "left": 124.8,
      "attrs": { "color": "green", "xray": "1" }
    },
    { "type": "wokwi-dht22", "id": "dht1", "top": -9.3, "left": -72.6, "attrs": {} },
    {
      "type": "board-ssd1306",
      "id": "oled1",
      "top": 233.54,
      "left": -258.97,
      "attrs": { "i2cAddress": "0x3c" }
    }
  ],
  "connections": [
    [ "esp:TX", "$serialMonitor:RX", "", [] ],
    [ "esp:RX", "$serialMonitor:TX", "", [] ],
    [ "btn1:1.l", "esp:0", "green", [ "h0" ] ],
    [ "btn1:2.l", "esp:GND.3", "green", [ "h0" ] ],
    [ "dht1:GND", "esp:GND.1", "black", [ "v0" ] ],
    [ "dht1:VCC", "esp:5V", "red", [ "v0" ] ],
    [ "dht1:SDA", "esp:4", "green", [ "v0" ] ],
    [ "oled1:SDA", "esp:8", "green", [ "v0" ] ],
    [ "oled1:SCL", "esp:9", "green", [ "v0" ] ],
    [ "oled1:VCC", "esp:5V", "red", [ "v0" ] ],
    [ "oled1:GND", "esp:GND.1", "black", [ "v0" ] ]
  ],
  "dependencies": {}
}